<?xml version="1.0" encoding="UTF-8"?>
<metadata xml:lang="zh"><Esri><CreaDate>20181219</CreaDate><CreaTime>21545200</CreaTime><ArcGISFormat>1.0</ArcGISFormat><SyncOnce>TRUE</SyncOnce><DataProperties><lineage><Process ToolSource="C:\Program Files (x86)\ArcGIS\Desktop10.0\ArcToolbox\Toolboxes\Data Management Tools.tbx\DefineProjection" Date="20181219" Time="215452">DefineProjection D327 PROJCS['CGCS2000_3_Degree_GK_CM_114E',GEOGCS['GCS_China_Geodetic_Coordinate_System_2000',DATUM['D_China_2000',SPHEROID['CGCS2000',6378137.0,298.257222101]],PRIMEM['Greenwich',0.0],UNIT['Degree',0.0174532925199433]],PROJECTION['Gauss_Kruger'],PARAMETER['False_Easting',500000.0],PARAMETER['False_Northing',0.0],PARAMETER['Central_Meridian',114.0],PARAMETER['Scale_Factor',1.0],PARAMETER['Latitude_Of_Origin',0.0],UNIT['Meter',1.0]]</Process><Process Name="添加ZD字段 (2)" ToolSource="C:\Program Files (x86)\ArcGIS\Desktop10.0\ArcToolbox\Toolboxes\Data Management Tools.tbx\AddField" Date="20181219" Time="215921">AddField D327 ZD TEXT # # 12 # NON_NULLABLE NON_REQUIRED #</Process><Process Name="添加Name字段 (2)" ToolSource="C:\Program Files (x86)\ArcGIS\Desktop10.0\ArcToolbox\Toolboxes\Data Management Tools.tbx\AddField" Date="20181219" Time="215921">AddField D327 Name TEXT # # 50 # NON_NULLABLE NON_REQUIRED #</Process><Process Name="添加Layer字段 (2)" ToolSource="C:\Program Files (x86)\ArcGIS\Desktop10.0\ArcToolbox\Toolboxes\Data Management Tools.tbx\AddField" Date="20181219" Time="215921">AddField D327 Layer TEXT # # 12 # NON_NULLABLE NON_REQUIRED #</Process><Process Name="添加ZD字段 (2)" ToolSource="C:\Program Files (x86)\ArcGIS\Desktop10.0\ArcToolbox\Toolboxes\Data Management Tools.tbx\AddField" Date="20181219" Time="215921">AddField D327 ZD TEXT # # 12 # NON_NULLABLE NON_REQUIRED #</Process><Process Name="添加Name字段 (2)" ToolSource="C:\Program Files (x86)\ArcGIS\Desktop10.0\ArcToolbox\Toolboxes\Data Management Tools.tbx\AddField" Date="20181219" Time="215921">AddField D327 Name TEXT # # 50 # NON_NULLABLE NON_REQUIRED #</Process><Process Name="添加Layer字段 (2)" ToolSource="C:\Program Files (x86)\ArcGIS\Desktop10.0\ArcToolbox\Toolboxes\Data Management Tools.tbx\AddField" Date="20181219" Time="215921">AddField D327 Layer TEXT # # 12 # NON_NULLABLE NON_REQUIRED #</Process><Process Name="添加ZD字段 (2)" ToolSource="C:\Program Files (x86)\ArcGIS\Desktop10.0\ArcToolbox\Toolboxes\Data Management Tools.tbx\AddField" Date="20181219" Time="215921">AddField D327 ZD TEXT # # 12 # NON_NULLABLE NON_REQUIRED #</Process><Process Name="添加Name字段 (2)" ToolSource="C:\Program Files (x86)\ArcGIS\Desktop10.0\ArcToolbox\Toolboxes\Data Management Tools.tbx\AddField" Date="20181219" Time="215922">AddField D327 Name TEXT # # 50 # NON_NULLABLE NON_REQUIRED #</Process><Process Name="添加Layer字段 (2)" ToolSource="C:\Program Files (x86)\ArcGIS\Desktop10.0\ArcToolbox\Toolboxes\Data Management Tools.tbx\AddField" Date="20181219" Time="215922">AddField D327 Layer TEXT # # 12 # NON_NULLABLE NON_REQUIRED #</Process><Process Name="添加ZD字段 (2)" ToolSource="C:\Program Files (x86)\ArcGIS\Desktop10.0\ArcToolbox\Toolboxes\Data Management Tools.tbx\AddField" Date="20181219" Time="215922">AddField D327 ZD TEXT # # 12 # NON_NULLABLE NON_REQUIRED #</Process><Process Name="添加Name字段 (2)" ToolSource="C:\Program Files (x86)\ArcGIS\Desktop10.0\ArcToolbox\Toolboxes\Data Management Tools.tbx\AddField" Date="20181219" Time="215922">AddField D327 Name TEXT # # 50 # NON_NULLABLE NON_REQUIRED #</Process><Process ToolSource="C:\Program Files (x86)\ArcGIS\Desktop10.0\ArcToolbox\Toolboxes\Data Management Tools.tbx\CalculateField" Date="20181219" Time="215944">CalculateField D327 ZD 1001 VB #</Process><Process ToolSource="C:\Program Files (x86)\ArcGIS\Desktop10.0\ArcToolbox\Toolboxes\Data Management Tools.tbx\CalculateField" Date="20181219" Time="220004">CalculateField D327 Name "[地块] " VB #</Process><Process ToolSource="C:\Program Files (x86)\ArcGIS\Desktop10.0\ArcToolbox\Toolboxes\Data Management Tools.tbx\CalculateField" Date="20181219" Time="220017">CalculateField D327 ZD 1000 VB #</Process><Process ToolSource="C:\Program Files (x86)\ArcGIS\Desktop10.0\ArcToolbox\Toolboxes\Data Management Tools.tbx\CalculateField" Date="20181219" Time="220045">CalculateField D327 Layer "1000D327" VB #</Process></lineage></DataProperties></Esri></metadata>
