<?xml version="1.0" encoding="UTF-8"?>
<metadata xml:lang="zh"><Esri><CreaDate>20181219</CreaDate><CreaTime>21305900</CreaTime><ArcGISFormat>1.0</ArcGISFormat><SyncOnce>TRUE</SyncOnce><DataProperties><lineage><Process Name="添加Layer字段" ToolSource="C:\Program Files (x86)\ArcGIS\Desktop10.0\ArcToolbox\Toolboxes\Data Management Tools.tbx\AddField" Date="20181219" Time="213059">AddField D31 Layer TEXT # # 12 # NON_NULLABLE NON_REQUIRED #</Process><Process Name="添加buildingId字段" ToolSource="C:\Program Files (x86)\ArcGIS\Desktop10.0\ArcToolbox\Toolboxes\Data Management Tools.tbx\AddField" Date="20181219" Time="213059">AddField D31 buildingId TEXT # # 12 # NON_NULLABLE NON_REQUIRED #</Process><Process Name="添加ZD字段" ToolSource="C:\Program Files (x86)\ArcGIS\Desktop10.0\ArcToolbox\Toolboxes\Data Management Tools.tbx\AddField" Date="20181219" Time="213100">AddField D31 ZD TEXT # # 12 # NON_NULLABLE NON_REQUIRED #</Process><Process Name="添加Name字段" ToolSource="C:\Program Files (x86)\ArcGIS\Desktop10.0\ArcToolbox\Toolboxes\Data Management Tools.tbx\AddField" Date="20181219" Time="213100">AddField D31 Name TEXT # # 50 # NON_NULLABLE NON_REQUIRED #</Process><Process Name="添加Type字段" ToolSource="C:\Program Files (x86)\ArcGIS\Desktop10.0\ArcToolbox\Toolboxes\Data Management Tools.tbx\AddField" Date="20181219" Time="213100">AddField D31 Type TEXT # # 12 # NON_NULLABLE NON_REQUIRED #</Process><Process Name="添加Area字段" ToolSource="C:\Program Files (x86)\ArcGIS\Desktop10.0\ArcToolbox\Toolboxes\Data Management Tools.tbx\AddField" Date="20181219" Time="213100">AddField D31 Area DOUBLE 18 2 12 FeatureClass NON_NULLABLE NON_REQUIRED #</Process><Process Name="添加Area字段 (2)" ToolSource="C:\Program Files (x86)\ArcGIS\Desktop10.0\ArcToolbox\Toolboxes\Data Management Tools.tbx\AddField" Date="20181219" Time="213100">AddField D31 initialEle DOUBLE 18 2 12 FeatureClass NON_NULLABLE NON_REQUIRED #</Process><Process Name="添加Layer字段" ToolSource="C:\Program Files (x86)\ArcGIS\Desktop10.0\ArcToolbox\Toolboxes\Data Management Tools.tbx\AddField" Date="20181219" Time="213100">AddField D31 Layer TEXT # # 12 # NON_NULLABLE NON_REQUIRED #</Process><Process Name="添加buildingId字段" ToolSource="C:\Program Files (x86)\ArcGIS\Desktop10.0\ArcToolbox\Toolboxes\Data Management Tools.tbx\AddField" Date="20181219" Time="213100">AddField D31 buildingId TEXT # # 12 # NON_NULLABLE NON_REQUIRED #</Process><Process Name="添加ZD字段" ToolSource="C:\Program Files (x86)\ArcGIS\Desktop10.0\ArcToolbox\Toolboxes\Data Management Tools.tbx\AddField" Date="20181219" Time="213100">AddField D31 ZD TEXT # # 12 # NON_NULLABLE NON_REQUIRED #</Process><Process Name="添加Name字段" ToolSource="C:\Program Files (x86)\ArcGIS\Desktop10.0\ArcToolbox\Toolboxes\Data Management Tools.tbx\AddField" Date="20181219" Time="213100">AddField D31 Name TEXT # # 50 # NON_NULLABLE NON_REQUIRED #</Process><Process Name="添加Type字段" ToolSource="C:\Program Files (x86)\ArcGIS\Desktop10.0\ArcToolbox\Toolboxes\Data Management Tools.tbx\AddField" Date="20181219" Time="213100">AddField D31 Type TEXT # # 12 # NON_NULLABLE NON_REQUIRED #</Process><Process Name="添加Area字段" ToolSource="C:\Program Files (x86)\ArcGIS\Desktop10.0\ArcToolbox\Toolboxes\Data Management Tools.tbx\AddField" Date="20181219" Time="213101">AddField D31 Area DOUBLE 18 2 12 FeatureClass NON_NULLABLE NON_REQUIRED #</Process><Process Name="添加Area字段 (2)" ToolSource="C:\Program Files (x86)\ArcGIS\Desktop10.0\ArcToolbox\Toolboxes\Data Management Tools.tbx\AddField" Date="20181219" Time="213101">AddField D31 initialEle DOUBLE 18 2 12 FeatureClass NON_NULLABLE NON_REQUIRED #</Process><Process Name="添加Layer字段" ToolSource="C:\Program Files (x86)\ArcGIS\Desktop10.0\ArcToolbox\Toolboxes\Data Management Tools.tbx\AddField" Date="20181219" Time="213101">AddField D31 Layer TEXT # # 12 # NON_NULLABLE NON_REQUIRED #</Process><Process Name="添加buildingId字段" ToolSource="C:\Program Files (x86)\ArcGIS\Desktop10.0\ArcToolbox\Toolboxes\Data Management Tools.tbx\AddField" Date="20181219" Time="213101">AddField D31 buildingId TEXT # # 12 # NON_NULLABLE NON_REQUIRED #</Process><Process Name="添加ZD字段" ToolSource="C:\Program Files (x86)\ArcGIS\Desktop10.0\ArcToolbox\Toolboxes\Data Management Tools.tbx\AddField" Date="20181219" Time="213101">AddField D31 ZD TEXT # # 12 # NON_NULLABLE NON_REQUIRED #</Process><Process Name="添加Name字段" ToolSource="C:\Program Files (x86)\ArcGIS\Desktop10.0\ArcToolbox\Toolboxes\Data Management Tools.tbx\AddField" Date="20181219" Time="213101">AddField D31 Name TEXT # # 50 # NON_NULLABLE NON_REQUIRED #</Process><Process Name="添加Type字段" ToolSource="C:\Program Files (x86)\ArcGIS\Desktop10.0\ArcToolbox\Toolboxes\Data Management Tools.tbx\AddField" Date="20181219" Time="213101">AddField D31 Type TEXT # # 12 # NON_NULLABLE NON_REQUIRED #</Process><Process Name="添加Area字段" ToolSource="C:\Program Files (x86)\ArcGIS\Desktop10.0\ArcToolbox\Toolboxes\Data Management Tools.tbx\AddField" Date="20181219" Time="213101">AddField D31 Area DOUBLE 18 2 12 FeatureClass NON_NULLABLE NON_REQUIRED #</Process><Process Name="添加Area字段 (2)" ToolSource="C:\Program Files (x86)\ArcGIS\Desktop10.0\ArcToolbox\Toolboxes\Data Management Tools.tbx\AddField" Date="20181219" Time="213101">AddField D31 initialEle DOUBLE 18 2 12 FeatureClass NON_NULLABLE NON_REQUIRED #</Process><Process Name="添加Layer字段" ToolSource="C:\Program Files (x86)\ArcGIS\Desktop10.0\ArcToolbox\Toolboxes\Data Management Tools.tbx\AddField" Date="20181219" Time="213102">AddField D31 Layer TEXT # # 12 # NON_NULLABLE NON_REQUIRED #</Process><Process Name="添加buildingId字段" ToolSource="C:\Program Files (x86)\ArcGIS\Desktop10.0\ArcToolbox\Toolboxes\Data Management Tools.tbx\AddField" Date="20181219" Time="213102">AddField D31 buildingId TEXT # # 12 # NON_NULLABLE NON_REQUIRED #</Process><Process Name="添加ZD字段" ToolSource="C:\Program Files (x86)\ArcGIS\Desktop10.0\ArcToolbox\Toolboxes\Data Management Tools.tbx\AddField" Date="20181219" Time="213102">AddField D31 ZD TEXT # # 12 # NON_NULLABLE NON_REQUIRED #</Process><Process Name="添加Name字段" ToolSource="C:\Program Files (x86)\ArcGIS\Desktop10.0\ArcToolbox\Toolboxes\Data Management Tools.tbx\AddField" Date="20181219" Time="213102">AddField D31 Name TEXT # # 50 # NON_NULLABLE NON_REQUIRED #</Process><Process Name="添加Type字段" ToolSource="C:\Program Files (x86)\ArcGIS\Desktop10.0\ArcToolbox\Toolboxes\Data Management Tools.tbx\AddField" Date="20181219" Time="213102">AddField D31 Type TEXT # # 12 # NON_NULLABLE NON_REQUIRED #</Process><Process Name="添加Area字段" ToolSource="C:\Program Files (x86)\ArcGIS\Desktop10.0\ArcToolbox\Toolboxes\Data Management Tools.tbx\AddField" Date="20181219" Time="213102">AddField D31 Area DOUBLE 18 2 12 FeatureClass NON_NULLABLE NON_REQUIRED #</Process><Process Name="添加Area字段 (2)" ToolSource="C:\Program Files (x86)\ArcGIS\Desktop10.0\ArcToolbox\Toolboxes\Data Management Tools.tbx\AddField" Date="20181219" Time="213102">AddField D31 initialEle DOUBLE 18 2 12 FeatureClass NON_NULLABLE NON_REQUIRED #</Process><Process Name="添加Layer字段" ToolSource="C:\Program Files (x86)\ArcGIS\Desktop10.0\ArcToolbox\Toolboxes\Data Management Tools.tbx\AddField" Date="20181219" Time="213102">AddField D31 Layer TEXT # # 12 # NON_NULLABLE NON_REQUIRED #</Process><Process Name="添加buildingId字段" ToolSource="C:\Program Files (x86)\ArcGIS\Desktop10.0\ArcToolbox\Toolboxes\Data Management Tools.tbx\AddField" Date="20181219" Time="213102">AddField D31 buildingId TEXT # # 12 # NON_NULLABLE NON_REQUIRED #</Process><Process Name="添加ZD字段" ToolSource="C:\Program Files (x86)\ArcGIS\Desktop10.0\ArcToolbox\Toolboxes\Data Management Tools.tbx\AddField" Date="20181219" Time="213102">AddField D31 ZD TEXT # # 12 # NON_NULLABLE NON_REQUIRED #</Process><Process Name="添加Name字段" ToolSource="C:\Program Files (x86)\ArcGIS\Desktop10.0\ArcToolbox\Toolboxes\Data Management Tools.tbx\AddField" Date="20181219" Time="213102">AddField D31 Name TEXT # # 50 # NON_NULLABLE NON_REQUIRED #</Process><Process Name="添加Type字段" ToolSource="C:\Program Files (x86)\ArcGIS\Desktop10.0\ArcToolbox\Toolboxes\Data Management Tools.tbx\AddField" Date="20181219" Time="213103">AddField D31 Type TEXT # # 12 # NON_NULLABLE NON_REQUIRED #</Process><Process Name="添加Area字段" ToolSource="C:\Program Files (x86)\ArcGIS\Desktop10.0\ArcToolbox\Toolboxes\Data Management Tools.tbx\AddField" Date="20181219" Time="213103">AddField D31 Area DOUBLE 18 2 12 FeatureClass NON_NULLABLE NON_REQUIRED #</Process><Process Name="添加Area字段 (2)" ToolSource="C:\Program Files (x86)\ArcGIS\Desktop10.0\ArcToolbox\Toolboxes\Data Management Tools.tbx\AddField" Date="20181219" Time="213103">AddField D31 initialEle DOUBLE 18 2 12 FeatureClass NON_NULLABLE NON_REQUIRED #</Process><Process Name="添加Layer字段" ToolSource="C:\Program Files (x86)\ArcGIS\Desktop10.0\ArcToolbox\Toolboxes\Data Management Tools.tbx\AddField" Date="20181219" Time="213103">AddField D31 Layer TEXT # # 12 # NON_NULLABLE NON_REQUIRED #</Process><Process Name="添加buildingId字段" ToolSource="C:\Program Files (x86)\ArcGIS\Desktop10.0\ArcToolbox\Toolboxes\Data Management Tools.tbx\AddField" Date="20181219" Time="213103">AddField D31 buildingId TEXT # # 12 # NON_NULLABLE NON_REQUIRED #</Process><Process Name="添加ZD字段" ToolSource="C:\Program Files (x86)\ArcGIS\Desktop10.0\ArcToolbox\Toolboxes\Data Management Tools.tbx\AddField" Date="20181219" Time="213103">AddField D31 ZD TEXT # # 12 # NON_NULLABLE NON_REQUIRED #</Process><Process Name="添加Name字段" ToolSource="C:\Program Files (x86)\ArcGIS\Desktop10.0\ArcToolbox\Toolboxes\Data Management Tools.tbx\AddField" Date="20181219" Time="213103">AddField D31 Name TEXT # # 50 # NON_NULLABLE NON_REQUIRED #</Process><Process Name="添加Type字段" ToolSource="C:\Program Files (x86)\ArcGIS\Desktop10.0\ArcToolbox\Toolboxes\Data Management Tools.tbx\AddField" Date="20181219" Time="213103">AddField D31 Type TEXT # # 12 # NON_NULLABLE NON_REQUIRED #</Process><Process Name="添加Area字段" ToolSource="C:\Program Files (x86)\ArcGIS\Desktop10.0\ArcToolbox\Toolboxes\Data Management Tools.tbx\AddField" Date="20181219" Time="213103">AddField D31 Area DOUBLE 18 2 12 FeatureClass NON_NULLABLE NON_REQUIRED #</Process><Process Name="添加Area字段 (2)" ToolSource="C:\Program Files (x86)\ArcGIS\Desktop10.0\ArcToolbox\Toolboxes\Data Management Tools.tbx\AddField" Date="20181219" Time="213103">AddField D31 initialEle DOUBLE 18 2 12 FeatureClass NON_NULLABLE NON_REQUIRED #</Process><Process Name="添加Layer字段" ToolSource="C:\Program Files (x86)\ArcGIS\Desktop10.0\ArcToolbox\Toolboxes\Data Management Tools.tbx\AddField" Date="20181219" Time="213103">AddField D31 Layer TEXT # # 12 # NON_NULLABLE NON_REQUIRED #</Process><Process Name="添加buildingId字段" ToolSource="C:\Program Files (x86)\ArcGIS\Desktop10.0\ArcToolbox\Toolboxes\Data Management Tools.tbx\AddField" Date="20181219" Time="213104">AddField D31 buildingId TEXT # # 12 # NON_NULLABLE NON_REQUIRED #</Process><Process Name="添加ZD字段" ToolSource="C:\Program Files (x86)\ArcGIS\Desktop10.0\ArcToolbox\Toolboxes\Data Management Tools.tbx\AddField" Date="20181219" Time="213104">AddField D31 ZD TEXT # # 12 # NON_NULLABLE NON_REQUIRED #</Process><Process Name="添加Name字段" ToolSource="C:\Program Files (x86)\ArcGIS\Desktop10.0\ArcToolbox\Toolboxes\Data Management Tools.tbx\AddField" Date="20181219" Time="213104">AddField D31 Name TEXT # # 50 # NON_NULLABLE NON_REQUIRED #</Process><Process Name="添加Type字段" ToolSource="C:\Program Files (x86)\ArcGIS\Desktop10.0\ArcToolbox\Toolboxes\Data Management Tools.tbx\AddField" Date="20181219" Time="213104">AddField D31 Type TEXT # # 12 # NON_NULLABLE NON_REQUIRED #</Process><Process Name="添加Area字段" ToolSource="C:\Program Files (x86)\ArcGIS\Desktop10.0\ArcToolbox\Toolboxes\Data Management Tools.tbx\AddField" Date="20181219" Time="213104">AddField D31 Area DOUBLE 18 2 12 FeatureClass NON_NULLABLE NON_REQUIRED #</Process><Process Name="添加Area字段 (2)" ToolSource="C:\Program Files (x86)\ArcGIS\Desktop10.0\ArcToolbox\Toolboxes\Data Management Tools.tbx\AddField" Date="20181219" Time="213104">AddField D31 initialEle DOUBLE 18 2 12 FeatureClass NON_NULLABLE NON_REQUIRED #</Process><Process Name="添加Layer字段" ToolSource="C:\Program Files (x86)\ArcGIS\Desktop10.0\ArcToolbox\Toolboxes\Data Management Tools.tbx\AddField" Date="20181219" Time="213104">AddField D31 Layer TEXT # # 12 # NON_NULLABLE NON_REQUIRED #</Process><Process Name="添加buildingId字段" ToolSource="C:\Program Files (x86)\ArcGIS\Desktop10.0\ArcToolbox\Toolboxes\Data Management Tools.tbx\AddField" Date="20181219" Time="213104">AddField D31 buildingId TEXT # # 12 # NON_NULLABLE NON_REQUIRED #</Process><Process Name="添加ZD字段" ToolSource="C:\Program Files (x86)\ArcGIS\Desktop10.0\ArcToolbox\Toolboxes\Data Management Tools.tbx\AddField" Date="20181219" Time="213104">AddField D31 ZD TEXT # # 12 # NON_NULLABLE NON_REQUIRED #</Process><Process Name="添加Name字段" ToolSource="C:\Program Files (x86)\ArcGIS\Desktop10.0\ArcToolbox\Toolboxes\Data Management Tools.tbx\AddField" Date="20181219" Time="213104">AddField D31 Name TEXT # # 50 # NON_NULLABLE NON_REQUIRED #</Process><Process Name="添加Type字段" ToolSource="C:\Program Files (x86)\ArcGIS\Desktop10.0\ArcToolbox\Toolboxes\Data Management Tools.tbx\AddField" Date="20181219" Time="213105">AddField D31 Type TEXT # # 12 # NON_NULLABLE NON_REQUIRED #</Process><Process Name="添加Area字段" ToolSource="C:\Program Files (x86)\ArcGIS\Desktop10.0\ArcToolbox\Toolboxes\Data Management Tools.tbx\AddField" Date="20181219" Time="213105">AddField D31 Area DOUBLE 18 2 12 FeatureClass NON_NULLABLE NON_REQUIRED #</Process><Process Name="添加Area字段 (2)" ToolSource="C:\Program Files (x86)\ArcGIS\Desktop10.0\ArcToolbox\Toolboxes\Data Management Tools.tbx\AddField" Date="20181219" Time="213105">AddField D31 initialEle DOUBLE 18 2 12 FeatureClass NON_NULLABLE NON_REQUIRED #</Process><Process Name="添加Layer字段" ToolSource="C:\Program Files (x86)\ArcGIS\Desktop10.0\ArcToolbox\Toolboxes\Data Management Tools.tbx\AddField" Date="20181219" Time="213105">AddField D31 Layer TEXT # # 12 # NON_NULLABLE NON_REQUIRED #</Process><Process Name="添加buildingId字段" ToolSource="C:\Program Files (x86)\ArcGIS\Desktop10.0\ArcToolbox\Toolboxes\Data Management Tools.tbx\AddField" Date="20181219" Time="213105">AddField D31 buildingId TEXT # # 12 # NON_NULLABLE NON_REQUIRED #</Process><Process Name="添加ZD字段" ToolSource="C:\Program Files (x86)\ArcGIS\Desktop10.0\ArcToolbox\Toolboxes\Data Management Tools.tbx\AddField" Date="20181219" Time="213105">AddField D31 ZD TEXT # # 12 # NON_NULLABLE NON_REQUIRED #</Process><Process Name="添加Name字段" ToolSource="C:\Program Files (x86)\ArcGIS\Desktop10.0\ArcToolbox\Toolboxes\Data Management Tools.tbx\AddField" Date="20181219" Time="213105">AddField D31 Name TEXT # # 50 # NON_NULLABLE NON_REQUIRED #</Process><Process Name="添加Type字段" ToolSource="C:\Program Files (x86)\ArcGIS\Desktop10.0\ArcToolbox\Toolboxes\Data Management Tools.tbx\AddField" Date="20181219" Time="213105">AddField D31 Type TEXT # # 12 # NON_NULLABLE NON_REQUIRED #</Process><Process Name="添加Area字段" ToolSource="C:\Program Files (x86)\ArcGIS\Desktop10.0\ArcToolbox\Toolboxes\Data Management Tools.tbx\AddField" Date="20181219" Time="213105">AddField D31 Area DOUBLE 18 2 12 FeatureClass NON_NULLABLE NON_REQUIRED #</Process><Process Name="添加Area字段 (2)" ToolSource="C:\Program Files (x86)\ArcGIS\Desktop10.0\ArcToolbox\Toolboxes\Data Management Tools.tbx\AddField" Date="20181219" Time="213105">AddField D31 initialEle DOUBLE 18 2 12 FeatureClass NON_NULLABLE NON_REQUIRED #</Process><Process Name="添加Layer字段" ToolSource="C:\Program Files (x86)\ArcGIS\Desktop10.0\ArcToolbox\Toolboxes\Data Management Tools.tbx\AddField" Date="20181219" Time="213105">AddField D31 Layer TEXT # # 12 # NON_NULLABLE NON_REQUIRED #</Process><Process Name="添加buildingId字段" ToolSource="C:\Program Files (x86)\ArcGIS\Desktop10.0\ArcToolbox\Toolboxes\Data Management Tools.tbx\AddField" Date="20181219" Time="213105">AddField D31 buildingId TEXT # # 12 # NON_NULLABLE NON_REQUIRED #</Process><Process Name="添加ZD字段" ToolSource="C:\Program Files (x86)\ArcGIS\Desktop10.0\ArcToolbox\Toolboxes\Data Management Tools.tbx\AddField" Date="20181219" Time="213106">AddField D31 ZD TEXT # # 12 # NON_NULLABLE NON_REQUIRED #</Process><Process Name="添加Name字段" ToolSource="C:\Program Files (x86)\ArcGIS\Desktop10.0\ArcToolbox\Toolboxes\Data Management Tools.tbx\AddField" Date="20181219" Time="213106">AddField D31 Name TEXT # # 50 # NON_NULLABLE NON_REQUIRED #</Process><Process Name="添加Type字段" ToolSource="C:\Program Files (x86)\ArcGIS\Desktop10.0\ArcToolbox\Toolboxes\Data Management Tools.tbx\AddField" Date="20181219" Time="213106">AddField D31 Type TEXT # # 12 # NON_NULLABLE NON_REQUIRED #</Process><Process Name="添加Area字段" ToolSource="C:\Program Files (x86)\ArcGIS\Desktop10.0\ArcToolbox\Toolboxes\Data Management Tools.tbx\AddField" Date="20181219" Time="213106">AddField D31 Area DOUBLE 18 2 12 FeatureClass NON_NULLABLE NON_REQUIRED #</Process><Process Name="添加Area字段 (2)" ToolSource="C:\Program Files (x86)\ArcGIS\Desktop10.0\ArcToolbox\Toolboxes\Data Management Tools.tbx\AddField" Date="20181219" Time="213106">AddField D31 initialEle DOUBLE 18 2 12 FeatureClass NON_NULLABLE NON_REQUIRED #</Process><Process Name="添加Layer字段" ToolSource="C:\Program Files (x86)\ArcGIS\Desktop10.0\ArcToolbox\Toolboxes\Data Management Tools.tbx\AddField" Date="20181219" Time="213106">AddField D31 Layer TEXT # # 12 # NON_NULLABLE NON_REQUIRED #</Process><Process Name="添加buildingId字段" ToolSource="C:\Program Files (x86)\ArcGIS\Desktop10.0\ArcToolbox\Toolboxes\Data Management Tools.tbx\AddField" Date="20181219" Time="213106">AddField D31 buildingId TEXT # # 12 # NON_NULLABLE NON_REQUIRED #</Process><Process Name="添加ZD字段" ToolSource="C:\Program Files (x86)\ArcGIS\Desktop10.0\ArcToolbox\Toolboxes\Data Management Tools.tbx\AddField" Date="20181219" Time="213106">AddField D31 ZD TEXT # # 12 # NON_NULLABLE NON_REQUIRED #</Process><Process Name="添加Name字段" ToolSource="C:\Program Files (x86)\ArcGIS\Desktop10.0\ArcToolbox\Toolboxes\Data Management Tools.tbx\AddField" Date="20181219" Time="213106">AddField D31 Name TEXT # # 50 # NON_NULLABLE NON_REQUIRED #</Process><Process Name="添加Type字段" ToolSource="C:\Program Files (x86)\ArcGIS\Desktop10.0\ArcToolbox\Toolboxes\Data Management Tools.tbx\AddField" Date="20181219" Time="213106">AddField D31 Type TEXT # # 12 # NON_NULLABLE NON_REQUIRED #</Process><Process Name="添加Area字段" ToolSource="C:\Program Files (x86)\ArcGIS\Desktop10.0\ArcToolbox\Toolboxes\Data Management Tools.tbx\AddField" Date="20181219" Time="213107">AddField D31 Area DOUBLE 18 2 12 FeatureClass NON_NULLABLE NON_REQUIRED #</Process><Process Name="添加Area字段 (2)" ToolSource="C:\Program Files (x86)\ArcGIS\Desktop10.0\ArcToolbox\Toolboxes\Data Management Tools.tbx\AddField" Date="20181219" Time="213107">AddField D31 initialEle DOUBLE 18 2 12 FeatureClass NON_NULLABLE NON_REQUIRED #</Process><Process Name="添加Layer字段" ToolSource="C:\Program Files (x86)\ArcGIS\Desktop10.0\ArcToolbox\Toolboxes\Data Management Tools.tbx\AddField" Date="20181219" Time="213107">AddField D31 Layer TEXT # # 12 # NON_NULLABLE NON_REQUIRED #</Process><Process Name="添加buildingId字段" ToolSource="C:\Program Files (x86)\ArcGIS\Desktop10.0\ArcToolbox\Toolboxes\Data Management Tools.tbx\AddField" Date="20181219" Time="213107">AddField D31 buildingId TEXT # # 12 # NON_NULLABLE NON_REQUIRED #</Process><Process Name="添加ZD字段" ToolSource="C:\Program Files (x86)\ArcGIS\Desktop10.0\ArcToolbox\Toolboxes\Data Management Tools.tbx\AddField" Date="20181219" Time="213107">AddField D31 ZD TEXT # # 12 # NON_NULLABLE NON_REQUIRED #</Process><Process Name="添加Name字段" ToolSource="C:\Program Files (x86)\ArcGIS\Desktop10.0\ArcToolbox\Toolboxes\Data Management Tools.tbx\AddField" Date="20181219" Time="213107">AddField D31 Name TEXT # # 50 # NON_NULLABLE NON_REQUIRED #</Process><Process Name="添加Type字段" ToolSource="C:\Program Files (x86)\ArcGIS\Desktop10.0\ArcToolbox\Toolboxes\Data Management Tools.tbx\AddField" Date="20181219" Time="213107">AddField D31 Type TEXT # # 12 # NON_NULLABLE NON_REQUIRED #</Process><Process Name="添加Area字段" ToolSource="C:\Program Files (x86)\ArcGIS\Desktop10.0\ArcToolbox\Toolboxes\Data Management Tools.tbx\AddField" Date="20181219" Time="213107">AddField D31 Area DOUBLE 18 2 12 FeatureClass NON_NULLABLE NON_REQUIRED #</Process><Process Name="添加Area字段 (2)" ToolSource="C:\Program Files (x86)\ArcGIS\Desktop10.0\ArcToolbox\Toolboxes\Data Management Tools.tbx\AddField" Date="20181219" Time="213107">AddField D31 initialEle DOUBLE 18 2 12 FeatureClass NON_NULLABLE NON_REQUIRED #</Process><Process Name="添加Layer字段" ToolSource="C:\Program Files (x86)\ArcGIS\Desktop10.0\ArcToolbox\Toolboxes\Data Management Tools.tbx\AddField" Date="20181219" Time="213107">AddField D31 Layer TEXT # # 12 # NON_NULLABLE NON_REQUIRED #</Process><Process Name="添加buildingId字段" ToolSource="C:\Program Files (x86)\ArcGIS\Desktop10.0\ArcToolbox\Toolboxes\Data Management Tools.tbx\AddField" Date="20181219" Time="213108">AddField D31 buildingId TEXT # # 12 # NON_NULLABLE NON_REQUIRED #</Process><Process Name="添加ZD字段" ToolSource="C:\Program Files (x86)\ArcGIS\Desktop10.0\ArcToolbox\Toolboxes\Data Management Tools.tbx\AddField" Date="20181219" Time="213108">AddField D31 ZD TEXT # # 12 # NON_NULLABLE NON_REQUIRED #</Process><Process Name="添加Name字段" ToolSource="C:\Program Files (x86)\ArcGIS\Desktop10.0\ArcToolbox\Toolboxes\Data Management Tools.tbx\AddField" Date="20181219" Time="213108">AddField D31 Name TEXT # # 50 # NON_NULLABLE NON_REQUIRED #</Process><Process Name="添加Type字段" ToolSource="C:\Program Files (x86)\ArcGIS\Desktop10.0\ArcToolbox\Toolboxes\Data Management Tools.tbx\AddField" Date="20181219" Time="213108">AddField D31 Type TEXT # # 12 # NON_NULLABLE NON_REQUIRED #</Process><Process Name="添加Area字段" ToolSource="C:\Program Files (x86)\ArcGIS\Desktop10.0\ArcToolbox\Toolboxes\Data Management Tools.tbx\AddField" Date="20181219" Time="213108">AddField D31 Area DOUBLE 18 2 12 FeatureClass NON_NULLABLE NON_REQUIRED #</Process><Process Name="添加Area字段 (2)" ToolSource="C:\Program Files (x86)\ArcGIS\Desktop10.0\ArcToolbox\Toolboxes\Data Management Tools.tbx\AddField" Date="20181219" Time="213108">AddField D31 initialEle DOUBLE 18 2 12 FeatureClass NON_NULLABLE NON_REQUIRED #</Process><Process Name="添加Layer字段" ToolSource="C:\Program Files (x86)\ArcGIS\Desktop10.0\ArcToolbox\Toolboxes\Data Management Tools.tbx\AddField" Date="20181219" Time="213108">AddField D31 Layer TEXT # # 12 # NON_NULLABLE NON_REQUIRED #</Process><Process Name="添加buildingId字段" ToolSource="C:\Program Files (x86)\ArcGIS\Desktop10.0\ArcToolbox\Toolboxes\Data Management Tools.tbx\AddField" Date="20181219" Time="213108">AddField D31 buildingId TEXT # # 12 # NON_NULLABLE NON_REQUIRED #</Process><Process Name="添加ZD字段" ToolSource="C:\Program Files (x86)\ArcGIS\Desktop10.0\ArcToolbox\Toolboxes\Data Management Tools.tbx\AddField" Date="20181219" Time="213108">AddField D31 ZD TEXT # # 12 # NON_NULLABLE NON_REQUIRED #</Process><Process Name="添加Name字段" ToolSource="C:\Program Files (x86)\ArcGIS\Desktop10.0\ArcToolbox\Toolboxes\Data Management Tools.tbx\AddField" Date="20181219" Time="213108">AddField D31 Name TEXT # # 50 # NON_NULLABLE NON_REQUIRED #</Process><Process Name="添加Type字段" ToolSource="C:\Program Files (x86)\ArcGIS\Desktop10.0\ArcToolbox\Toolboxes\Data Management Tools.tbx\AddField" Date="20181219" Time="213108">AddField D31 Type TEXT # # 12 # NON_NULLABLE NON_REQUIRED #</Process><Process Name="添加Area字段" ToolSource="C:\Program Files (x86)\ArcGIS\Desktop10.0\ArcToolbox\Toolboxes\Data Management Tools.tbx\AddField" Date="20181219" Time="213109">AddField D31 Area DOUBLE 18 2 12 FeatureClass NON_NULLABLE NON_REQUIRED #</Process><Process Name="添加Area字段 (2)" ToolSource="C:\Program Files (x86)\ArcGIS\Desktop10.0\ArcToolbox\Toolboxes\Data Management Tools.tbx\AddField" Date="20181219" Time="213109">AddField D31 initialEle DOUBLE 18 2 12 FeatureClass NON_NULLABLE NON_REQUIRED #</Process><Process Name="添加Layer字段" ToolSource="C:\Program Files (x86)\ArcGIS\Desktop10.0\ArcToolbox\Toolboxes\Data Management Tools.tbx\AddField" Date="20181219" Time="213109">AddField D31 Layer TEXT # # 12 # NON_NULLABLE NON_REQUIRED #</Process><Process Name="添加buildingId字段" ToolSource="C:\Program Files (x86)\ArcGIS\Desktop10.0\ArcToolbox\Toolboxes\Data Management Tools.tbx\AddField" Date="20181219" Time="213109">AddField D31 buildingId TEXT # # 12 # NON_NULLABLE NON_REQUIRED #</Process><Process Name="添加ZD字段" ToolSource="C:\Program Files (x86)\ArcGIS\Desktop10.0\ArcToolbox\Toolboxes\Data Management Tools.tbx\AddField" Date="20181219" Time="213109">AddField D31 ZD TEXT # # 12 # NON_NULLABLE NON_REQUIRED #</Process><Process Name="添加Name字段" ToolSource="C:\Program Files (x86)\ArcGIS\Desktop10.0\ArcToolbox\Toolboxes\Data Management Tools.tbx\AddField" Date="20181219" Time="213109">AddField D31 Name TEXT # # 50 # NON_NULLABLE NON_REQUIRED #</Process><Process Name="添加Type字段" ToolSource="C:\Program Files (x86)\ArcGIS\Desktop10.0\ArcToolbox\Toolboxes\Data Management Tools.tbx\AddField" Date="20181219" Time="213109">AddField D31 Type TEXT # # 12 # NON_NULLABLE NON_REQUIRED #</Process><Process Name="添加Area字段" ToolSource="C:\Program Files (x86)\ArcGIS\Desktop10.0\ArcToolbox\Toolboxes\Data Management Tools.tbx\AddField" Date="20181219" Time="213109">AddField D31 Area DOUBLE 18 2 12 FeatureClass NON_NULLABLE NON_REQUIRED #</Process><Process Name="添加Area字段 (2)" ToolSource="C:\Program Files (x86)\ArcGIS\Desktop10.0\ArcToolbox\Toolboxes\Data Management Tools.tbx\AddField" Date="20181219" Time="213109">AddField D31 initialEle DOUBLE 18 2 12 FeatureClass NON_NULLABLE NON_REQUIRED #</Process><Process Name="添加Layer字段" ToolSource="C:\Program Files (x86)\ArcGIS\Desktop10.0\ArcToolbox\Toolboxes\Data Management Tools.tbx\AddField" Date="20181219" Time="213110">AddField D31 Layer TEXT # # 12 # NON_NULLABLE NON_REQUIRED #</Process><Process Name="添加buildingId字段" ToolSource="C:\Program Files (x86)\ArcGIS\Desktop10.0\ArcToolbox\Toolboxes\Data Management Tools.tbx\AddField" Date="20181219" Time="213110">AddField D31 buildingId TEXT # # 12 # NON_NULLABLE NON_REQUIRED #</Process><Process Name="添加ZD字段" ToolSource="C:\Program Files (x86)\ArcGIS\Desktop10.0\ArcToolbox\Toolboxes\Data Management Tools.tbx\AddField" Date="20181219" Time="213110">AddField D31 ZD TEXT # # 12 # NON_NULLABLE NON_REQUIRED #</Process><Process Name="添加Name字段" ToolSource="C:\Program Files (x86)\ArcGIS\Desktop10.0\ArcToolbox\Toolboxes\Data Management Tools.tbx\AddField" Date="20181219" Time="213110">AddField D31 Name TEXT # # 50 # NON_NULLABLE NON_REQUIRED #</Process><Process Name="添加Type字段" ToolSource="C:\Program Files (x86)\ArcGIS\Desktop10.0\ArcToolbox\Toolboxes\Data Management Tools.tbx\AddField" Date="20181219" Time="213110">AddField D31 Type TEXT # # 12 # NON_NULLABLE NON_REQUIRED #</Process><Process Name="添加Area字段" ToolSource="C:\Program Files (x86)\ArcGIS\Desktop10.0\ArcToolbox\Toolboxes\Data Management Tools.tbx\AddField" Date="20181219" Time="213110">AddField D31 Area DOUBLE 18 2 12 FeatureClass NON_NULLABLE NON_REQUIRED #</Process><Process Name="添加Area字段 (2)" ToolSource="C:\Program Files (x86)\ArcGIS\Desktop10.0\ArcToolbox\Toolboxes\Data Management Tools.tbx\AddField" Date="20181219" Time="213110">AddField D31 initialEle DOUBLE 18 2 12 FeatureClass NON_NULLABLE NON_REQUIRED #</Process><Process Name="添加Layer字段" ToolSource="C:\Program Files (x86)\ArcGIS\Desktop10.0\ArcToolbox\Toolboxes\Data Management Tools.tbx\AddField" Date="20181219" Time="213110">AddField D31 Layer TEXT # # 12 # NON_NULLABLE NON_REQUIRED #</Process><Process Name="添加buildingId字段" ToolSource="C:\Program Files (x86)\ArcGIS\Desktop10.0\ArcToolbox\Toolboxes\Data Management Tools.tbx\AddField" Date="20181219" Time="213110">AddField D31 buildingId TEXT # # 12 # NON_NULLABLE NON_REQUIRED #</Process><Process Name="添加ZD字段" ToolSource="C:\Program Files (x86)\ArcGIS\Desktop10.0\ArcToolbox\Toolboxes\Data Management Tools.tbx\AddField" Date="20181219" Time="213110">AddField D31 ZD TEXT # # 12 # NON_NULLABLE NON_REQUIRED #</Process><Process Name="添加Name字段" ToolSource="C:\Program Files (x86)\ArcGIS\Desktop10.0\ArcToolbox\Toolboxes\Data Management Tools.tbx\AddField" Date="20181219" Time="213110">AddField D31 Name TEXT # # 50 # NON_NULLABLE NON_REQUIRED #</Process><Process Name="添加Type字段" ToolSource="C:\Program Files (x86)\ArcGIS\Desktop10.0\ArcToolbox\Toolboxes\Data Management Tools.tbx\AddField" Date="20181219" Time="213111">AddField D31 Type TEXT # # 12 # NON_NULLABLE NON_REQUIRED #</Process><Process Name="添加Area字段" ToolSource="C:\Program Files (x86)\ArcGIS\Desktop10.0\ArcToolbox\Toolboxes\Data Management Tools.tbx\AddField" Date="20181219" Time="213111">AddField D31 Area DOUBLE 18 2 12 FeatureClass NON_NULLABLE NON_REQUIRED #</Process><Process Name="添加Area字段 (2)" ToolSource="C:\Program Files (x86)\ArcGIS\Desktop10.0\ArcToolbox\Toolboxes\Data Management Tools.tbx\AddField" Date="20181219" Time="213111">AddField D31 initialEle DOUBLE 18 2 12 FeatureClass NON_NULLABLE NON_REQUIRED #</Process><Process Name="添加Layer字段" ToolSource="C:\Program Files (x86)\ArcGIS\Desktop10.0\ArcToolbox\Toolboxes\Data Management Tools.tbx\AddField" Date="20181219" Time="213111">AddField D31 Layer TEXT # # 12 # NON_NULLABLE NON_REQUIRED #</Process><Process Name="添加buildingId字段" ToolSource="C:\Program Files (x86)\ArcGIS\Desktop10.0\ArcToolbox\Toolboxes\Data Management Tools.tbx\AddField" Date="20181219" Time="213111">AddField D31 buildingId TEXT # # 12 # NON_NULLABLE NON_REQUIRED #</Process><Process Name="添加ZD字段" ToolSource="C:\Program Files (x86)\ArcGIS\Desktop10.0\ArcToolbox\Toolboxes\Data Management Tools.tbx\AddField" Date="20181219" Time="213111">AddField D31 ZD TEXT # # 12 # NON_NULLABLE NON_REQUIRED #</Process><Process Name="添加Name字段" ToolSource="C:\Program Files (x86)\ArcGIS\Desktop10.0\ArcToolbox\Toolboxes\Data Management Tools.tbx\AddField" Date="20181219" Time="213111">AddField D31 Name TEXT # # 50 # NON_NULLABLE NON_REQUIRED #</Process><Process Name="添加Type字段" ToolSource="C:\Program Files (x86)\ArcGIS\Desktop10.0\ArcToolbox\Toolboxes\Data Management Tools.tbx\AddField" Date="20181219" Time="213111">AddField D31 Type TEXT # # 12 # NON_NULLABLE NON_REQUIRED #</Process><Process Name="添加Area字段" ToolSource="C:\Program Files (x86)\ArcGIS\Desktop10.0\ArcToolbox\Toolboxes\Data Management Tools.tbx\AddField" Date="20181219" Time="213111">AddField D31 Area DOUBLE 18 2 12 FeatureClass NON_NULLABLE NON_REQUIRED #</Process><Process Name="添加Area字段 (2)" ToolSource="C:\Program Files (x86)\ArcGIS\Desktop10.0\ArcToolbox\Toolboxes\Data Management Tools.tbx\AddField" Date="20181219" Time="213111">AddField D31 initialEle DOUBLE 18 2 12 FeatureClass NON_NULLABLE NON_REQUIRED #</Process><Process Name="添加Layer字段" ToolSource="C:\Program Files (x86)\ArcGIS\Desktop10.0\ArcToolbox\Toolboxes\Data Management Tools.tbx\AddField" Date="20181219" Time="213112">AddField D31 Layer TEXT # # 12 # NON_NULLABLE NON_REQUIRED #</Process><Process Name="添加buildingId字段" ToolSource="C:\Program Files (x86)\ArcGIS\Desktop10.0\ArcToolbox\Toolboxes\Data Management Tools.tbx\AddField" Date="20181219" Time="213112">AddField D31 buildingId TEXT # # 12 # NON_NULLABLE NON_REQUIRED #</Process><Process Name="添加ZD字段" ToolSource="C:\Program Files (x86)\ArcGIS\Desktop10.0\ArcToolbox\Toolboxes\Data Management Tools.tbx\AddField" Date="20181219" Time="213112">AddField D31 ZD TEXT # # 12 # NON_NULLABLE NON_REQUIRED #</Process><Process Name="添加Name字段" ToolSource="C:\Program Files (x86)\ArcGIS\Desktop10.0\ArcToolbox\Toolboxes\Data Management Tools.tbx\AddField" Date="20181219" Time="213112">AddField D31 Name TEXT # # 50 # NON_NULLABLE NON_REQUIRED #</Process><Process Name="添加Type字段" ToolSource="C:\Program Files (x86)\ArcGIS\Desktop10.0\ArcToolbox\Toolboxes\Data Management Tools.tbx\AddField" Date="20181219" Time="213112">AddField D31 Type TEXT # # 12 # NON_NULLABLE NON_REQUIRED #</Process><Process Name="添加Area字段" ToolSource="C:\Program Files (x86)\ArcGIS\Desktop10.0\ArcToolbox\Toolboxes\Data Management Tools.tbx\AddField" Date="20181219" Time="213112">AddField D31 Area DOUBLE 18 2 12 FeatureClass NON_NULLABLE NON_REQUIRED #</Process><Process Name="添加Area字段 (2)" ToolSource="C:\Program Files (x86)\ArcGIS\Desktop10.0\ArcToolbox\Toolboxes\Data Management Tools.tbx\AddField" Date="20181219" Time="213112">AddField D31 initialEle DOUBLE 18 2 12 FeatureClass NON_NULLABLE NON_REQUIRED #</Process><Process Name="添加Layer字段" ToolSource="C:\Program Files (x86)\ArcGIS\Desktop10.0\ArcToolbox\Toolboxes\Data Management Tools.tbx\AddField" Date="20181219" Time="213112">AddField D31 Layer TEXT # # 12 # NON_NULLABLE NON_REQUIRED #</Process><Process Name="添加buildingId字段" ToolSource="C:\Program Files (x86)\ArcGIS\Desktop10.0\ArcToolbox\Toolboxes\Data Management Tools.tbx\AddField" Date="20181219" Time="213112">AddField D31 buildingId TEXT # # 12 # NON_NULLABLE NON_REQUIRED #</Process><Process Name="添加ZD字段" ToolSource="C:\Program Files (x86)\ArcGIS\Desktop10.0\ArcToolbox\Toolboxes\Data Management Tools.tbx\AddField" Date="20181219" Time="213112">AddField D31 ZD TEXT # # 12 # NON_NULLABLE NON_REQUIRED #</Process><Process Name="添加Name字段" ToolSource="C:\Program Files (x86)\ArcGIS\Desktop10.0\ArcToolbox\Toolboxes\Data Management Tools.tbx\AddField" Date="20181219" Time="213113">AddField D31 Name TEXT # # 50 # NON_NULLABLE NON_REQUIRED #</Process><Process Name="添加Type字段" ToolSource="C:\Program Files (x86)\ArcGIS\Desktop10.0\ArcToolbox\Toolboxes\Data Management Tools.tbx\AddField" Date="20181219" Time="213113">AddField D31 Type TEXT # # 12 # NON_NULLABLE NON_REQUIRED #</Process><Process Name="添加Area字段" ToolSource="C:\Program Files (x86)\ArcGIS\Desktop10.0\ArcToolbox\Toolboxes\Data Management Tools.tbx\AddField" Date="20181219" Time="213113">AddField D31 Area DOUBLE 18 2 12 FeatureClass NON_NULLABLE NON_REQUIRED #</Process><Process Name="添加Area字段 (2)" ToolSource="C:\Program Files (x86)\ArcGIS\Desktop10.0\ArcToolbox\Toolboxes\Data Management Tools.tbx\AddField" Date="20181219" Time="213113">AddField D31 initialEle DOUBLE 18 2 12 FeatureClass NON_NULLABLE NON_REQUIRED #</Process><Process ToolSource="C:\Program Files (x86)\ArcGIS\Desktop10.0\ArcToolbox\Toolboxes\Data Management Tools.tbx\DefineProjection" Date="20181219" Time="214344">DefineProjection D31 PROJCS['CGCS2000_3_Degree_GK_CM_114E',GEOGCS['GCS_China_Geodetic_Coordinate_System_2000',DATUM['D_China_2000',SPHEROID['CGCS2000',6378137.0,298.257222101]],PRIMEM['Greenwich',0.0],UNIT['Degree',0.0174532925199433]],PROJECTION['Gauss_Kruger'],PARAMETER['False_Easting',500000.0],PARAMETER['False_Northing',0.0],PARAMETER['Central_Meridian',114.0],PARAMETER['Scale_Factor',1.0],PARAMETER['Latitude_Of_Origin',0.0],UNIT['Meter',1.0]]</Process></lineage></DataProperties></Esri></metadata>
